ID,Nombre,Categoria,Telefono,Direccion,SitioWeb,Rating,TotalReseñas,PageSpeedScore,LCP_Segundos,Defectos,Critica,MensajePitch,Fecha
ChIJjR3gNQTorZURJfWdgNRn71I,Animal Space - Veterinary,SOLO_RED_SOCIAL,+54 9 345 419-5962,"Concejal Veiga 876, E3200 Concordia, Entre Ríos, Argentina",https://www.facebook.com/EspacioAnimalConcordia/?fref=ts,4.6,189,N/A,N/A,,Enlace a red social,"Hola Animal Space - Veterinary, revisando su ficha vi que su enlace principal deriva a Instagram. Muchos usuarios no tienen la app instalada o prefieren consultar turnos sin registrarse. Creamos landing pages médicas con turnero directo que aumentan un 40% las citas confirmadas. ¿Tienen 3 minutos para coordinar?",2026-10-02T16:23:16.464Z
ChIJfU0X5Q3orZURxM9Y7YNOwto,SERINVET Clínica Veterinaria,SIN_WEB,+54 345 421-1542,"Vélez Sársfield 340, E3202 Concordia, Entre Ríos, Argentina",,4.8,86,N/A,N/A,,Comercio sin web propia,"Hola equipo de SERINVET Clínica Veterinaria, noté que en Google Maps aún no tienen web propia vinculada. Hoy muchos pacientes buscan agendar turnos directos online antes de llamar. Desarrollamos páginas médicas ultra rápidas con botón directo de WhatsApp para duplicar consultas. ¿Les gustaría ver una demo de 2 minutos?",2026-10-02T16:23:15.044Z
ChIJeVyWwBDorZUR_fAwMBCRur0,Veterinaria Salto Grande,SIN_WEB,+54 345 508-1789,"Hipólito Yrigoyen 1306, E3200 Concordia, Entre Ríos, Argentina",,4.2,77,N/A,N/A,,Comercio sin web propia,"Hola equipo de Veterinaria Salto Grande, noté que en Google Maps aún no tienen web propia vinculada. Hoy muchos pacientes buscan agendar turnos directos online antes de llamar. Desarrollamos páginas médicas ultra rápidas con botón directo de WhatsApp para duplicar consultas. ¿Les gustaría ver una demo de 2 minutos?",2026-10-02T16:23:13.629Z
ChIJfeHkWAXorZURHL3eEin2D3o,Veterinaria San Francisco,SIN_WEB,+54 345 414-0473,"Vélez Sársfield 426, E3202 Concordia, Entre Ríos, Argentina",,4.7,59,N/A,N/A,,Comercio sin web propia,"Hola equipo de Veterinaria San Francisco, noté que en Google Maps aún no tienen web propia vinculada. Hoy muchos pacientes buscan agendar turnos directos online antes de llamar. Desarrollamos páginas médicas ultra rápidas con botón directo de WhatsApp para duplicar consultas. ¿Les gustaría ver una demo de 2 minutos?",2026-10-02T16:23:06.426Z
ChIJQZHQdBrorZURTsu6Z9-Nev8,Consultorio Veterinario dr collazzo,SIN_WEB,+54 345 508-0558,"Corrientes 211, E3202 Concordia, Entre Ríos, Argentina",,4.8,18,N/A,N/A,,Comercio sin web propia,"Hola equipo de Consultorio Veterinario dr collazzo, noté que en Google Maps aún no tienen web propia vinculada. Hoy muchos pacientes buscan agendar turnos directos online antes de llamar. Desarrollamos páginas médicas ultra rápidas con botón directo de WhatsApp para duplicar consultas. ¿Les gustaría ver una demo de 2 minutos?",2026-10-02T16:23:04.708Z
ChIJvde4JcDprZURC6OhdWCJDn8,Veterinaria nueva vida,SIN_WEB,+54 345 408-4837,"Dr. Florenza 221, E3202 Concordia, Entre Ríos, Argentina",,5,47,N/A,N/A,,Comercio sin web propia,"Hola equipo de Veterinaria nueva vida, noté que en Google Maps aún no tienen web propia vinculada. Hoy muchos pacientes buscan agendar turnos directos online antes de llamar. Desarrollamos páginas médicas ultra rápidas con botón directo de WhatsApp para duplicar consultas. ¿Les gustaría ver una demo de 2 minutos?",2026-10-02T16:22:57.501Z
lead_5_xmt9u,Estética Dental & Implantes Río,SOLO_RED_SOCIAL,+54 341 449-1148,"España 730, Concordia, Entre Rios",https://linktr.ee/esteticadentalrio,4.7,77,N/A,N/A,,Enlace a red social,"Hola Estética Dental & Implantes Río, revisando su ficha vi que su enlace principal deriva a Instagram. Muchos usuarios no tienen la app instalada o prefieren consultar turnos sin registrarse. Creamos landing pages médicas con turnero directo que aumentan un 40% las citas confirmadas. ¿Tienen 3 minutos para coordinar?",2026-10-02T15:48:34.053Z
lead_4_re3ii,Odontología Especializada Pellegrini,WEB_CAIDA,+54 341 440-1111,"Av. Pellegrini 1650, Concordia, Entre Rios",https://odontologiapellegrini.example.com,4.1,37,N/A,N/A,,Enlace a red social,"Estimados de Odontología Especializada Pellegrini, les escribo porque su sitio web parece inaccesible o con certificado vencido al entrar desde celulares. Esto genera desconfianza inmediata en pacientes nuevos. Podemos restaurar su presencia web en 48hs con seguridad SSL y carga instantánea. Saludos cordiales.",2026-10-02T15:48:26.850Z
lead_3_yamcn,Clínica Dental Integral Norte,WEB_CAIDA,+54 341 430-1074,"Santa Fe 2105, Concordia, Entre Rios",http://clinica-dental-integral-rosario.tripod.com,3.9,20,N/A,N/A,,Enlace a red social,"Estimados de Clínica Dental Integral Norte, les escribo porque su sitio web parece inaccesible o con certificado vencido al entrar desde celulares. Esto genera desconfianza inmediata en pacientes nuevos. Podemos restaurar su presencia web en 48hs con seguridad SSL y carga instantánea. Saludos cordiales.",2026-10-02T15:48:19.592Z
lead_2_sm2v0,Consultorios Dentales Bulevar,SOLO_RED_SOCIAL,+54 341 481-1037,"Bv. Oroño 854, Concordia, Entre Rios",https://instagram.com/consultorios_dentales_ros,4.8,92,N/A,N/A,,Enlace a red social,"Hola Consultorios Dentales Bulevar, revisando su ficha vi que su enlace principal deriva a Instagram. Muchos usuarios no tienen la app instalada o prefieren consultar turnos sin registrarse. Creamos landing pages médicas con turnero directo que aumentan un 40% las citas confirmadas. ¿Tienen 3 minutos para coordinar?",2026-10-02T15:48:12.245Z
lead_1_foot6,Centro Odontológico San Martín,SIN_WEB,+54 341 425-1000,"Córdoba 1420, Concordia, Entre Rios",,4.6,42,N/A,N/A,,Comercio sin web propia,"Hola equipo de Centro Odontológico San Martín, noté que en Google Maps aún no tienen web propia vinculada. Hoy muchos pacientes buscan agendar turnos directos online antes de llamar. Desarrollamos páginas médicas ultra rápidas con botón directo de WhatsApp para duplicar consultas. ¿Les gustaría ver una demo de 2 minutos?",2026-10-02T15:48:05.036Z
lead_3_tumog,Clínica Dental Integral Norte,WEB_CAIDA,+54 341 430-1074,"Santa Fe 2105, Rosario",http://clinica-dental-integral-rosario.tripod.com,3.9,20,N/A,N/A,,Enlace a red social,"Estimados de Clínica Dental Integral Norte, les escribo porque su sitio web parece inaccesible o con certificado vencido al entrar desde celulares. Esto genera desconfianza inmediata en pacientes nuevos. Podemos restaurar su presencia web en 48hs con seguridad SSL y carga instantánea. Saludos cordiales.",2026-10-02T15:31:09.902Z
lead_2_a3dpq,Consultorios Dentales Bulevar,SOLO_RED_SOCIAL,+54 341 481-1037,"Bv. Oroño 854, Rosario",https://instagram.com/consultorios_dentales_ros,4.8,92,N/A,N/A,,Enlace a red social,"Hola Consultorios Dentales Bulevar, revisando su ficha vi que su enlace principal deriva a Instagram. Muchos usuarios no tienen la app instalada o prefieren consultar turnos sin registrarse. Creamos landing pages médicas con turnero directo que aumentan un 40% las citas confirmadas. ¿Tienen 3 minutos para coordinar?",2026-10-02T15:31:05.640Z
lead_1_ojtq1,Centro Odontológico San Martín,SIN_WEB,+54 341 425-1000,"Córdoba 1420, Rosario",,4.6,42,N/A,N/A,,Comercio sin web propia,"Hola equipo de Centro Odontológico San Martín, noté que en Google Maps aún no tienen web propia vinculada. Hoy muchos pacientes buscan agendar turnos directos online antes de llamar. Desarrollamos páginas médicas ultra rápidas con botón directo de WhatsApp para duplicar consultas. ¿Les gustaría ver una demo de 2 minutos?",2026-10-02T15:30:59.432Z
lead_5_uccb4,Estética Dental & Implantes Río,SOLO_RED_SOCIAL,+54 341 449-1148,"España 730, Rosario",https://linktr.ee/esteticadentalrio,4.7,77,N/A,N/A,,Enlace a red social,Hola equipo de Estética,2026-10-02T15:30:40.159Z
lead_4_h3qrc,Odontología Especializada Pellegrini,WEB_CAIDA,+54 341 440-1111,"Av. Pellegrini 1650, Rosario",https://odontologiapellegrini.example.com,4.1,37,N/A,N/A,,Enlace a red social,").
    *   **",2026-10-02T15:30:34.355Z
lead_3_pnzua,Clínica Dental Integral Norte,WEB_CAIDA,+54 341 430-1074,"Santa Fe 2105, Rosario",http://clinica-dental-integral-rosario.tripod.com,3.9,20,N/A,N/A,,Enlace a red social,"Estimados de Clínica Dental Integral Norte, les escribo porque su sitio web parece inaccesible o con certificado vencido al entrar desde celulares. Esto genera desconfianza inmediata en pacientes nuevos. Podemos restaurar su presencia web en 48hs con seguridad SSL y carga instantánea. Saludos cordiales.",2026-10-02T15:29:57.804Z
lead_2_ms5qz,Consultorios Dentales Bulevar,SOLO_RED_SOCIAL,+54 341 481-1037,"Bv. Oroño 854, Rosario",https://instagram.com/consultorios_dentales_ros,4.8,92,N/A,N/A,,Enlace a red social,"Hola Consultorios Dentales Bulevar, revisando su ficha vi que su enlace principal deriva a Instagram. Muchos usuarios no tienen la app instalada o prefieren consultar turnos sin registrarse. Creamos landing pages médicas con turnero directo que aumentan un 40% las citas confirmadas. ¿Tienen 3 minutos para coordinar?",2026-10-02T15:26:53.302Z
lead_1_9plfg,Centro Odontológico San Martín,SIN_WEB,+54 341 425-1000,"Córdoba 1420, Rosario",,4.6,42,N/A,N/A,,Comercio sin web propia,"Hola equipo de Centro Odontológico San Martín, noté que en Google Maps aún no tienen web propia vinculada. Hoy muchos pacientes buscan agendar turnos directos online antes de llamar. Desarrollamos páginas médicas ultra rápidas con botón directo de WhatsApp para duplicar consultas. ¿Les gustaría ver una demo de 2 minutos?",2026-10-02T15:26:13.981Z
lead_3_xpka0,Clínica Dental Integral Norte,WEB_CAIDA,+54 341 430-1074,"Santa Fe 2105, Rosario, Santa Fe",http://clinica-dental-integral-rosario.tripod.com,3.9,20,N/A,N/A,,Enlace a red social,"Estimados de Clínica Dental Integral Norte, les escribo porque su sitio web parece inaccesible o con certificado vencido al entrar desde celulares. Esto genera desconfianza inmediata en pacientes nuevos. Podemos restaurar su presencia web en 48hs con seguridad SSL y carga instantánea. Saludos cordiales.",2026-10-02T15:25:31.890Z
lead_2_5wtg5,Consultorios Dentales Bulevar,SOLO_RED_SOCIAL,+54 341 481-1037,"Bv. Oroño 854, Rosario, Santa Fe",https://instagram.com/consultorios_dentales_ros,4.8,92,N/A,N/A,,Enlace a red social,"Hola Consultorios Dentales Bulevar, revisando su ficha vi que su enlace principal deriva a Instagram. Muchos usuarios no tienen la app instalada o prefieren consultar turnos sin registrarse. Creamos landing pages médicas con turnero directo que aumentan un 40% las citas confirmadas. ¿Tienen 3 minutos para coordinar?",2026-10-02T15:25:30.954Z
lead_1_bagnp,Centro Odontológico San Martín,SIN_WEB,+54 341 425-1000,"Córdoba 1420, Rosario, Santa Fe",,4.6,42,N/A,N/A,,Comercio sin web propia,"Hola equipo de Centro Odontológico San Martín, noté que en Google Maps aún no tienen web propia vinculada. Hoy muchos pacientes buscan agendar turnos directos online antes de llamar. Desarrollamos páginas médicas ultra rápidas con botón directo de WhatsApp para duplicar consultas. ¿Les gustaría ver una demo de 2 minutos?",2026-10-02T15:25:30.358ZChIJLeZ-yhDorZURDB9KGJr33Vc,Optica Kaizen,SIN_WEB,+54 345 422-0115,"Saavedra 301, E3202 Concordia, Entre Ríos, Argentina",,5,23,N/A,N/A,,Comercio sin web propia,"Hola equipo de Optica Kaizen, noté que en Google Maps aún no tienen web propia vinculada. Hoy muchos pacientes buscan agendar turnos directos online antes de llamar. Desarrollamos páginas médicas ultra rápidas con botón directo de WhatsApp para duplicar consultas. ¿Les gustaría ver una demo de 2 minutos?",2026-10-02T16:31:12.396Z
ChIJ0T49EwXorZURisBoZ85MM5o,Óptica Las Heras,SIN_WEB,+54 345 421-7463,"Las Heras 254, E3200 Concordia, Entre Ríos, Argentina",,5,234,N/A,N/A,,Comercio sin web propia,"Hola equipo de Óptica Las Heras, noté que en Google Maps aún no tienen web propia vinculada. Hoy muchos pacientes buscan agendar turnos directos online antes de llamar. Desarrollamos páginas médicas ultra rápidas con botón directo de WhatsApp para duplicar consultas. ¿Les gustaría ver una demo de 2 minutos?",2026-10-02T16:31:13.840Z
ChIJn640H4XprZURHTi1F55-xm0,Optica Concordia,SIN_WEB,+54 341 555-0199,"Carlos Pellegrini 540, E3200 Concordia, Entre Ríos, Argentina",,4.1,16,N/A,N/A,,Comercio sin web propia,"Hola equipo de Optica Concordia, noté que en Google Maps aún no tienen web propia vinculada. Hoy muchos pacientes buscan agendar turnos directos online antes de llamar. Desarrollamos páginas médicas ultra rápidas con botón directo de WhatsApp para duplicar consultas. ¿Les gustaría ver una demo de 2 minutos?",2026-10-02T16:31:15.269Z
ChIJU3lTzAjorZURuIR3wgJuK3Y,Optica Visual,SOLO_RED_SOCIAL,+54 9 345 410-3706,"FUA, San Martín 85, E3202 Concordia, Entre Ríos, Argentina",https://www.instagram.com/optica.visual30?igsh=Y2NzMmtzeTdhZDNx,4.8,19,N/A,N/A,,Enlace a red social,"Hola Optica Visual, revisando su ficha vi que su enlace principal deriva a Instagram. Muchos usuarios no tienen la app instalada o prefieren consultar turnos sin registrarse. Creamos landing pages médicas con turnero directo que aumentan un 40% las citas confirmadas. ¿Tienen 3 minutos para coordinar?",2026-10-02T16:31:16.685Z
ChIJv1miZWbprZURoNZIER_jIh4,Optica Lara,SIN_WEB,+54 341 555-0199,"Entre Ríos 561, E3202 Concordia, Entre Ríos, Argentina",,3.1,17,N/A,N/A,,Comercio sin web propia,"Hola equipo de Optica Lara, noté que en Google Maps aún no tienen web propia vinculada. Hoy muchos pacientes buscan agendar turnos directos online antes de llamar. Desarrollamos páginas médicas ultra rápidas con botón directo de WhatsApp para duplicar consultas. ¿Les gustaría ver una demo de 2 minutos?",2026-10-02T16:31:18.118Z
ChIJKyzVegforZURhVwZIJiWYqY,Óptica Esteves,SOLO_RED_SOCIAL,+54 345 423-0060,"La Rioja 540, E3202 Concordia, Entre Ríos, Argentina",https://www.instagram.com/opticaesteves.cdia/,4.3,9,N/A,N/A,,Enlace a red social,"Hola Óptica Esteves, revisando su ficha vi que su enlace principal deriva a Instagram. Muchos usuarios no tienen la app instalada o prefieren consultar turnos sin registrarse. Creamos landing pages médicas con turnero directo que aumentan un 40% las citas confirmadas. ¿Tienen 3 minutos para coordinar?",2026-10-02T16:31:19.534Z
ChIJJXR1jIfprZURefxgpC4fQcI,Óptica Punto Óptico,OBSOLETO_CONTACTAR,+54 9 345 405-0676,"San Martín 71, E3202FUA Concordia, Entre Ríos, Argentina",http://www.puntooptico.ar/,4.7,15,30,6.92,Ausencia de botón flotante de WhatsApp en el primer pliegue móvil; Jerarquía visual anticuada con textos densos y botones poco legibles,Sitio sin adaptación móvil real que dificulta el contacto directo de pacientes.,"Hola Óptica Punto Óptico, auditamos su web desde móviles y notamos que tarda más de 6.92s en cargar y presenta Ausencia de botón flotante de WhatsApp en el primer pliegue móvil. Hoy el 80% de las consultas se pierden por falta de agilidad móvil. Diseñamos plataformas clínicas modernas optimizadas para captación. ¿Les interesa conversar?",2026-10-02T16:31:35.937Z
ChIJE6CbLhLprZURvfSo8obs1tM,Optica Roman,SOLO_RED_SOCIAL,+54 345 422-0221,"Las Heras 112, E3200 Concordia, Entre Ríos, Argentina",https://www.instagram.com/opticaroman/,5,2,N/A,N/A,,Enlace a red social,"Hola Optica Roman, revisando su ficha vi que su enlace principal deriva a Instagram. Muchos usuarios no tienen la app instalada o prefieren consultar turnos sin registrarse. Creamos landing pages médicas con turnero directo que aumentan un 40% las citas confirmadas. ¿Tienen 3 minutos para coordinar?",2026-10-02T16:31:37.346Z
